iter	Logloss
0	0.5217711327
1	0.4689035503
2	0.4489387514
3	0.44211652
4	0.4394662192
5	0.4382757727
6	0.4378756792
7	0.4374448146
8	0.4373696031
9	0.4371687097
10	0.4371669517
11	0.4371437958
12	0.4369194367
13	0.4368747174
14	0.4366787454
15	0.4365259869
16	0.4359160954
17	0.4357102132
18	0.4355708491
19	0.4355037389
