iter	Logloss
0	0.6520889051
1	0.634386489
2	0.6301982702
3	0.6261047662
4	0.6251799944
5	0.6241307255
6	0.6233258006
7	0.622405955
8	0.6219149731
9	0.6215667363
10	0.621363188
11	0.6205987754
12	0.6204700985
13	0.6202908528
14	0.6201267593
15	0.6201210277
16	0.6200992186
17	0.6200598985
18	0.6198316798
19	0.6196648194
